{
  "pageWidth": 595.32,
  "pageHeight": 841.92,
  "fields": {
    "companyName": {
      "x": 197.21,
      "y": 268.68008,
      "w": 307.45047999999997,
      "h": 23.040000000000077
    },
    "projectName": {
      "x": 197.21,
      "y": 140.73464,
      "w": 148.20787999999996,
      "h": 14.039999999999964
    },
    "loanAmount": {
      "x": 197.21,
      "y": 105.45464000000004,
      "w": 89.76787999999996,
      "h": 14.039999999999964
    },
    "referenceLine": {
      "x": 197.21,
      "y": 76.27800000000002,
      "w": 135.92587999999998,
      "h": 9.0
    },
    "websiteLine": {
      "x": 197.21,
      "y": 31.731359999999995,
      "w": 91.25911999999997,
      "h": 6.960000000000036
    },
    "footerLine1": {
      "x": 197.21,
      "y": 23.436000000000035,
      "w": 310.5999999999999,
      "h": 6.0
    },
    "footerLine2": {
      "x": 197.21,
      "y": 15.395999999999958,
      "w": 330.6700000000001,
      "h": 6.0
    },
    "dateText": {
      "x": 197.21,
      "y": 77.45464000000004,
      "w": 89.76787999999996,
      "h": 14
    }
  }
}